{
    "x": {
        "mu": 0.015526068396866322,
        "sigma": 0.3264828324317932
    },
    "y": {
        "mu": 0.01346344780176878,
        "sigma": 0.32252469658851624
    },
    "z": {
        "mu": -0.2167392075061798,
        "sigma": 0.37261268496513367
    },
    "theta": {
        "mu": 2.1809353828430176,
        "sigma": 0.7849347591400146
    },
    "phi": {
        "mu": 0.14071796834468842,
        "sigma": 1.79030179977417
    },
    "r": {
        "mu": 0.5538575649261475,
        "sigma": 0.3001556098461151
    },
    "roll": {
        "mu": -0.008261306211352348,
        "sigma": 0.3131641745567322
    },
    "pitch": {
        "mu": 0.08297622203826904,
        "sigma": 0.3307911157608032
    },
    "yaw": {
        "mu": 0.009338612668216228,
        "sigma": 0.2981548309326172
    }
}
