{
    "x": {
        "mu": 0.027242150055384978,
        "sigma": 0.3594921286169892
    },
    "y": {
        "mu": 0.02508918994616194,
        "sigma": 0.3583033723406619
    },
    "z": {
        "mu": -0.10367949030112077,
        "sigma": 0.3891227767239212
    },
    "theta": {
        "mu": 1.8739714125737532,
        "sigma": 0.779843323370511
    },
    "phi": {
        "mu": 0.08796911369129973,
        "sigma": 1.6921243756107702
    },
    "r": {
        "mu": 0.5480865478719801,
        "sigma": 0.34749763559260854
    },
    "roll": {
        "mu": -0.016498618557435858,
        "sigma": 0.3804899850542066
    },
    "pitch": {
        "mu": 0.028462961721089787,
        "sigma": 0.29912182728829634
    },
    "yaw": {
        "mu": -0.004913600039079129,
        "sigma": 0.39022979006490277
    }
}