{
    "x": {
        "mu": 0.15178348124027252,
        "sigma": 0.30996790528297424
    },
    "y": {
        "mu": 0.038202423602342606,
        "sigma": 0.313863068819046
    },
    "z": {
        "mu": -0.026961779221892357,
        "sigma": 0.3055855929851532
    },
    "theta": {
        "mu": 1.6157435178756714,
        "sigma": 0.5976657271385193
    },
    "phi": {
        "mu": 0.01511789858341217,
        "sigma": 1.1926764249801636
    },
    "r": {
        "mu": 0.45575833320617676,
        "sigma": 0.3247791528701782
    },
    "roll": {
        "mu": -0.15983529388904572,
        "sigma": 0.3054116666316986
    },
    "pitch": {
        "mu": 0.07137611508369446,
        "sigma": 0.31517940759658813
    },
    "yaw": {
        "mu": -0.010925553739070892,
        "sigma": 0.3019287586212158
    }
}